date,state,cases,deaths,abbreviation
2020-01-21,Washington,1,0,WA
2020-01-22,Washington,1,0,WA
2020-01-23,Washington,1,0,WA
2020-01-24,Illinois,1,0,IL
2020-01-24,Washington,1,0,WA
2020-01-25,California,1,0,CA
2020-01-25,Illinois,1,0,IL
2020-01-25,Washington,1,0,WA
2020-01-26,Arizona,1,0,AZ
2020-01-26,California,2,0,CA
2020-01-26,Illinois,1,0,IL
2020-01-26,Washington,1,0,WA
2020-01-27,Arizona,1,0,AZ
2020-01-27,California,2,0,CA
2020-01-27,Illinois,1,0,IL
2020-01-27,Washington,1,0,WA
2020-01-28,Arizona,1,0,AZ
2020-01-28,California,2,0,CA
2020-01-28,Illinois,1,0,IL
2020-01-28,Washington,1,0,WA
2020-01-29,Arizona,1,0,AZ
2020-01-29,California,2,0,CA
2020-01-29,Illinois,1,0,IL
2020-01-29,Washington,1,0,WA
2020-01-30,Arizona,1,0,AZ
2020-01-30,California,2,0,CA
2020-01-30,Illinois,2,0,IL
2020-01-30,Washington,1,0,WA
2020-01-31,Arizona,1,0,AZ
2020-01-31,California,3,0,CA
2020-01-31,Illinois,2,0,IL
2020-01-31,Washington,1,0,WA
2020-02-01,Arizona,1,0,AZ
2020-02-01,California,3,0,CA
2020-02-01,Illinois,2,0,IL
2020-02-01,Massachusetts,1,0,MA
2020-02-01,Washington,1,0,WA
2020-02-02,Arizona,1,0,AZ
2020-02-02,California,6,0,CA
2020-02-02,Illinois,2,0,IL
2020-02-02,Massachusetts,1,0,MA
2020-02-02,Washington,1,0,WA
2020-02-03,Arizona,1,0,AZ
2020-02-03,California,6,0,CA
2020-02-03,Illinois,2,0,IL
2020-02-03,Massachusetts,1,0,MA
2020-02-03,Washington,1,0,WA
2020-02-04,Arizona,1,0,AZ
2020-02-04,California,6,0,CA
2020-02-04,Illinois,2,0,IL
2020-02-04,Massachusetts,1,0,MA
2020-02-04,Washington,1,0,WA
2020-02-05,Arizona,1,0,AZ
2020-02-05,California,6,0,CA
2020-02-05,Illinois,2,0,IL
2020-02-05,Massachusetts,1,0,MA
2020-02-05,Washington,1,0,WA
2020-02-05,Wisconsin,1,0,WI
2020-02-06,Arizona,1,0,AZ
2020-02-06,California,6,0,CA
2020-02-06,Illinois,2,0,IL
2020-02-06,Massachusetts,1,0,MA
2020-02-06,Washington,1,0,WA
2020-02-06,Wisconsin,1,0,WI
2020-02-07,Arizona,1,0,AZ
2020-02-07,California,6,0,CA
2020-02-07,Illinois,2,0,IL
2020-02-07,Massachusetts,1,0,MA
2020-02-07,Washington,1,0,WA
2020-02-07,Wisconsin,1,0,WI
2020-02-08,Arizona,1,0,AZ
2020-02-08,California,6,0,CA
2020-02-08,Illinois,2,0,IL
2020-02-08,Massachusetts,1,0,MA
2020-02-08,Washington,1,0,WA
2020-02-08,Wisconsin,1,0,WI
2020-02-09,Arizona,1,0,AZ
2020-02-09,California,6,0,CA
2020-02-09,Illinois,2,0,IL
2020-02-09,Massachusetts,1,0,MA
2020-02-09,Washington,1,0,WA
2020-02-09,Wisconsin,1,0,WI
2020-02-10,Arizona,1,0,AZ
2020-02-10,California,7,0,CA
2020-02-10,Illinois,2,0,IL
2020-02-10,Massachusetts,1,0,MA
2020-02-10,Washington,1,0,WA
2020-02-10,Wisconsin,1,0,WI
2020-02-11,Arizona,1,0,AZ
2020-02-11,California,7,0,CA
2020-02-11,Illinois,2,0,IL
2020-02-11,Massachusetts,1,0,MA
2020-02-11,Washington,1,0,WA
2020-02-11,Wisconsin,1,0,WI
2020-02-12,Arizona,1,0,AZ
2020-02-12,California,7,0,CA
2020-02-12,Illinois,2,0,IL
2020-02-12,Massachusetts,1,0,MA
2020-02-12,Texas,1,0,TX
2020-02-12,Washington,1,0,WA
2020-02-12,Wisconsin,1,0,WI
2020-02-13,Arizona,1,0,AZ
2020-02-13,California,7,0,CA
2020-02-13,Illinois,2,0,IL
2020-02-13,Massachusetts,1,0,MA
2020-02-13,Texas,2,0,TX
2020-02-13,Washington,1,0,WA
2020-02-13,Wisconsin,1,0,WI
2020-02-14,Arizona,1,0,AZ
2020-02-14,California,7,0,CA
2020-02-14,Illinois,2,0,IL
2020-02-14,Massachusetts,1,0,MA
2020-02-14,Texas,2,0,TX
2020-02-14,Washington,1,0,WA
2020-02-14,Wisconsin,1,0,WI
2020-02-15,Arizona,1,0,AZ
2020-02-15,California,7,0,CA
2020-02-15,Illinois,2,0,IL
2020-02-15,Massachusetts,1,0,MA
2020-02-15,Texas,2,0,TX
2020-02-15,Washington,1,0,WA
2020-02-15,Wisconsin,1,0,WI
2020-02-16,Arizona,1,0,AZ
2020-02-16,California,7,0,CA
2020-02-16,Illinois,2,0,IL
2020-02-16,Massachusetts,1,0,MA
2020-02-16,Texas,2,0,TX
2020-02-16,Washington,1,0,WA
2020-02-16,Wisconsin,1,0,WI
2020-02-17,Arizona,1,0,AZ
2020-02-17,California,7,0,CA
2020-02-17,Illinois,2,0,IL
2020-02-17,Massachusetts,1,0,MA
2020-02-17,Nebraska,10,0,NE
2020-02-17,Texas,2,0,TX
2020-02-17,Washington,1,0,WA
2020-02-17,Wisconsin,1,0,WI
2020-02-18,Arizona,1,0,AZ
2020-02-18,California,7,0,CA
2020-02-18,Illinois,2,0,IL
2020-02-18,Massachusetts,1,0,MA
2020-02-18,Nebraska,10,0,NE
2020-02-18,Texas,2,0,TX
2020-02-18,Washington,1,0,WA
2020-02-18,Wisconsin,1,0,WI
2020-02-19,Arizona,1,0,AZ
2020-02-19,California,7,0,CA
2020-02-19,Illinois,2,0,IL
2020-02-19,Massachusetts,1,0,MA
2020-02-19,Nebraska,10,0,NE
2020-02-19,Texas,2,0,TX
2020-02-19,Washington,1,0,WA
2020-02-19,Wisconsin,1,0,WI
2020-02-20,Arizona,1,0,AZ
2020-02-20,California,8,0,CA
2020-02-20,Illinois,2,0,IL
2020-02-20,Massachusetts,1,0,MA
2020-02-20,Nebraska,11,0,NE
2020-02-20,Texas,2,0,TX
2020-02-20,Washington,1,0,WA
2020-02-20,Wisconsin,1,0,WI
2020-02-21,Arizona,1,0,AZ
2020-02-21,California,9,0,CA
2020-02-21,Illinois,2,0,IL
2020-02-21,Massachusetts,1,0,MA
2020-02-21,Nebraska,11,0,NE
2020-02-21,Texas,4,0,TX
2020-02-21,Washington,1,0,WA
2020-02-21,Wisconsin,1,0,WI
2020-02-22,Arizona,1,0,AZ
2020-02-22,California,9,0,CA
2020-02-22,Illinois,2,0,IL
2020-02-22,Massachusetts,1,0,MA
2020-02-22,Nebraska,11,0,NE
2020-02-22,Texas,4,0,TX
2020-02-22,Washington,1,0,WA
2020-02-22,Wisconsin,1,0,WI
2020-02-23,Arizona,1,0,AZ
2020-02-23,California,9,0,CA
2020-02-23,Illinois,2,0,IL
2020-02-23,Massachusetts,1,0,MA
2020-02-23,Nebraska,11,0,NE
2020-02-23,Texas,4,0,TX
2020-02-23,Washington,1,0,WA
2020-02-23,Wisconsin,1,0,WI
2020-02-24,Arizona,1,0,AZ
2020-02-24,California,11,0,CA
2020-02-24,Illinois,2,0,IL
2020-02-24,Massachusetts,1,0,MA
2020-02-24,Nebraska,12,0,NE
2020-02-24,Texas,10,0,TX
2020-02-24,Washington,5,0,WA
2020-02-24,Wisconsin,1,0,WI
2020-02-25,Arizona,1,0,AZ
2020-02-25,California,11,0,CA
2020-02-25,Illinois,2,0,IL
2020-02-25,Massachusetts,1,0,MA
2020-02-25,Nebraska,13,0,NE
2020-02-25,Texas,10,0,TX
2020-02-25,Utah,1,0,UT
2020-02-25,Washington,5,0,WA
2020-02-25,Wisconsin,1,0,WI
2020-02-26,Arizona,1,0,AZ
2020-02-26,California,26,0,CA
2020-02-26,Illinois,2,0,IL
2020-02-26,Massachusetts,1,0,MA
2020-02-26,Nebraska,13,0,NE
2020-02-26,Texas,10,0,TX
2020-02-26,Utah,1,0,UT
2020-02-26,Washington,5,0,WA
2020-02-26,Wisconsin,1,0,WI
2020-02-27,Arizona,1,0,AZ
2020-02-27,California,26,0,CA
2020-02-27,Illinois,2,0,IL
2020-02-27,Massachusetts,1,0,MA
2020-02-27,Nebraska,13,0,NE
2020-02-27,Texas,10,0,TX
2020-02-27,Utah,1,0,UT
2020-02-27,Washington,5,0,WA
2020-02-27,Wisconsin,1,0,WI
2020-02-28,Arizona,1,0,AZ
2020-02-28,California,27,0,CA
2020-02-28,Illinois,2,0,IL
2020-02-28,Massachusetts,1,0,MA
2020-02-28,Nebraska,13,0,NE
2020-02-28,Oregon,1,0,OR
2020-02-28,Texas,11,0,TX
2020-02-28,Utah,1,0,UT
2020-02-28,Washington,7,0,WA
2020-02-28,Wisconsin,1,0,WI
2020-02-29,Arizona,1,0,AZ
2020-02-29,California,28,0,CA
2020-02-29,Illinois,3,0,IL
2020-02-29,Massachusetts,1,0,MA
2020-02-29,Nebraska,13,0,NE
2020-02-29,Oregon,1,0,OR
2020-02-29,Texas,11,0,TX
2020-02-29,Utah,1,0,UT
2020-02-29,Washington,10,1,WA
2020-02-29,Wisconsin,1,0,WI
2020-03-01,Arizona,1,0,AZ
2020-03-01,California,33,0,CA
2020-03-01,Florida,2,0,FL
2020-03-01,Illinois,3,0,IL
2020-03-01,Massachusetts,1,0,MA
2020-03-01,Nebraska,13,0,NE
2020-03-01,New York,1,0,NY
2020-03-01,Oregon,2,0,OR
2020-03-01,Rhode Island,2,0,RI
2020-03-01,Texas,11,0,TX
2020-03-01,Utah,1,0,UT
2020-03-01,Washington,17,3,WA
2020-03-01,Wisconsin,1,0,WI
2020-03-02,Arizona,1,0,AZ
2020-03-02,California,38,0,CA
2020-03-02,Florida,2,0,FL
2020-03-02,Georgia,2,0,GA
2020-03-02,Illinois,4,0,IL
2020-03-02,Massachusetts,2,0,MA
2020-03-02,Nebraska,13,0,NE
2020-03-02,New Hampshire,1,0,NH
2020-03-02,New York,1,0,NY
2020-03-02,Oregon,2,0,OR
2020-03-02,Rhode Island,2,0,RI
2020-03-02,Texas,11,0,TX
2020-03-02,Utah,1,0,UT
2020-03-02,Washington,23,6,WA
2020-03-02,Wisconsin,1,0,WI
2020-03-03,Arizona,2,0,AZ
2020-03-03,California,45,0,CA
2020-03-03,Florida,3,0,FL
2020-03-03,Georgia,2,0,GA
2020-03-03,Illinois,4,0,IL
2020-03-03,Massachusetts,2,0,MA
2020-03-03,Nebraska,13,0,NE
2020-03-03,New Hampshire,2,0,NH
2020-03-03,New York,2,0,NY
2020-03-03,North Carolina,1,0,NC
2020-03-03,Oregon,2,0,OR
2020-03-03,Rhode Island,2,0,RI
2020-03-03,Texas,11,0,TX
2020-03-03,Utah,1,0,UT
2020-03-03,Washington,32,10,WA
2020-03-03,Wisconsin,1,0,WI
2020-03-04,Arizona,2,0,AZ
2020-03-04,California,55,1,CA
2020-03-04,Florida,3,0,FL
2020-03-04,Georgia,2,0,GA
2020-03-04,Illinois,4,0,IL
2020-03-04,Massachusetts,2,0,MA
2020-03-04,Nebraska,13,0,NE
2020-03-04,New Hampshire,2,0,NH
2020-03-04,New Jersey,1,0,NJ
2020-03-04,New York,11,0,NY
2020-03-04,North Carolina,1,0,NC
2020-03-04,Oregon,2,0,OR
2020-03-04,Rhode Island,2,0,RI
2020-03-04,Texas,12,0,TX
2020-03-04,Utah,1,0,UT
2020-03-04,Washington,47,11,WA
2020-03-04,Wisconsin,1,0,WI
2020-03-05,Arizona,2,0,AZ
2020-03-05,California,67,1,CA
2020-03-05,Colorado,2,0,CO
2020-03-05,Florida,4,0,FL
2020-03-05,Georgia,2,0,GA
2020-03-05,Illinois,5,0,IL
2020-03-05,Maryland,3,0,MD
2020-03-05,Massachusetts,3,0,MA
2020-03-05,Nebraska,13,0,NE
2020-03-05,Nevada,2,0,NV
2020-03-05,New Hampshire,2,0,NH
2020-03-05,New Jersey,2,0,NJ
2020-03-05,New York,22,0,NY
2020-03-05,North Carolina,1,0,NC
2020-03-05,Oregon,2,0,OR
2020-03-05,Rhode Island,2,0,RI
2020-03-05,Tennessee,1,0,TN
2020-03-05,Texas,16,0,TX
2020-03-05,Utah,1,0,UT
2020-03-05,Washington,75,11,WA
2020-03-05,Wisconsin,1,0,WI
2020-03-06,Arizona,3,0,AZ
2020-03-06,California,81,1,CA
2020-03-06,Colorado,8,0,CO
2020-03-06,Florida,7,2,FL
2020-03-06,Georgia,3,0,GA
2020-03-06,Hawaii,1,0,HI
2020-03-06,Illinois,6,0,IL
2020-03-06,Indiana,1,0,IN
2020-03-06,Kentucky,1,0,KY
2020-03-06,Maryland,3,0,MD
2020-03-06,Massachusetts,8,0,MA
2020-03-06,Minnesota,1,0,MN
2020-03-06,Nebraska,14,0,NE
2020-03-06,Nevada,2,0,NV
2020-03-06,New Hampshire,2,0,NH
2020-03-06,New Jersey,4,0,NJ
2020-03-06,New York,44,0,NY
2020-03-06,North Carolina,2,0,NC
2020-03-06,Oklahoma,1,0,OK
2020-03-06,Oregon,2,0,OR
2020-03-06,Pennsylvania,2,0,PA
2020-03-06,Rhode Island,3,0,RI
2020-03-06,South Carolina,2,0,SC
2020-03-06,Tennessee,1,0,TN
2020-03-06,Texas,19,0,TX
2020-03-06,Utah,3,0,UT
2020-03-06,Washington,86,12,WA
2020-03-06,Wisconsin,1,0,WI
2020-03-07,Arizona,5,0,AZ
2020-03-07,California,100,1,CA
2020-03-07,Colorado,8,0,CO
2020-03-07,District of Columbia,1,0,DC
2020-03-07,Florida,12,2,FL
2020-03-07,Georgia,7,0,GA
2020-03-07,Hawaii,1,0,HI
2020-03-07,Illinois,6,0,IL
2020-03-07,Indiana,1,0,IN
2020-03-07,Kansas,1,0,KS
2020-03-07,Kentucky,1,0,KY
2020-03-07,Maryland,3,0,MD
2020-03-07,Massachusetts,13,0,MA
2020-03-07,Minnesota,1,0,MN
2020-03-07,Missouri,1,0,MO
2020-03-07,Nebraska,14,0,NE
2020-03-07,Nevada,2,0,NV
2020-03-07,New Hampshire,4,0,NH
2020-03-07,New Jersey,4,0,NJ
2020-03-07,New York,89,0,NY
2020-03-07,North Carolina,2,0,NC
2020-03-07,Oklahoma,1,0,OK
2020-03-07,Oregon,6,0,OR
2020-03-07,Pennsylvania,4,0,PA
2020-03-07,Rhode Island,3,0,RI
2020-03-07,South Carolina,2,0,SC
2020-03-07,Tennessee,1,0,TN
2020-03-07,Texas,19,0,TX
2020-03-07,Utah,3,0,UT
2020-03-07,Vermont,1,0,VT
2020-03-07,Virginia,1,0,VA
2020-03-07,Washington,110,16,WA
2020-03-07,Wisconsin,1,0,WI
2020-03-08,Arizona,5,0,AZ
2020-03-08,California,112,1,CA
2020-03-08,Colorado,8,0,CO
2020-03-08,Connecticut,1,0,CT
2020-03-08,District of Columbia,1,0,DC
2020-03-08,Florida,13,2,FL
2020-03-08,Georgia,11,0,GA
2020-03-08,Hawaii,2,0,HI
2020-03-08,Illinois,7,0,IL
2020-03-08,Indiana,2,0,IN
2020-03-08,Iowa,3,0,IA
2020-03-08,Kansas,1,0,KS
2020-03-08,Kentucky,4,0,KY
2020-03-08,Maryland,5,0,MD
2020-03-08,Massachusetts,28,0,MA
2020-03-08,Minnesota,2,0,MN
2020-03-08,Missouri,1,0,MO
2020-03-08,Nebraska,16,0,NE
2020-03-08,Nevada,4,0,NV
2020-03-08,New Hampshire,4,0,NH
2020-03-08,New Jersey,6,0,NJ
2020-03-08,New York,106,0,NY
2020-03-08,North Carolina,2,0,NC
2020-03-08,Oklahoma,1,0,OK
2020-03-08,Oregon,13,0,OR
2020-03-08,Pennsylvania,6,0,PA
2020-03-08,Rhode Island,3,0,RI
2020-03-08,South Carolina,6,0,SC
2020-03-08,Tennessee,3,0,TN
2020-03-08,Texas,23,0,TX
2020-03-08,Utah,3,0,UT
2020-03-08,Vermont,1,0,VT
2020-03-08,Virginia,2,0,VA
2020-03-08,Washington,141,19,WA
2020-03-08,Wisconsin,1,0,WI
2020-03-09,Arizona,6,0,AZ
2020-03-09,California,172,2,CA
2020-03-09,Colorado,12,0,CO
2020-03-09,Connecticut,2,0,CT
2020-03-09,District of Columbia,4,0,DC
2020-03-09,Florida,14,2,FL
2020-03-09,Georgia,17,0,GA
2020-03-09,Hawaii,2,0,HI
2020-03-09,Illinois,11,0,IL
2020-03-09,Indiana,4,0,IN
2020-03-09,Iowa,8,0,IA
2020-03-09,Kansas,1,0,KS
2020-03-09,Kentucky,5,0,KY
2020-03-09,Louisiana,1,0,LA
2020-03-09,Maryland,6,0,MD
2020-03-09,Massachusetts,41,0,MA
2020-03-09,Minnesota,2,0,MN
2020-03-09,Missouri,1,0,MO
2020-03-09,Nebraska,16,0,NE
2020-03-09,Nevada,4,0,NV
2020-03-09,New Hampshire,4,0,NH
2020-03-09,New Jersey,11,0,NJ
2020-03-09,New York,142,0,NY
2020-03-09,North Carolina,7,0,NC
2020-03-09,Ohio,3,0,OH
2020-03-09,Oklahoma,1,0,OK
2020-03-09,Oregon,13,0,OR
2020-03-09,Pennsylvania,10,0,PA
2020-03-09,Rhode Island,3,0,RI
2020-03-09,South Carolina,7,0,SC
2020-03-09,Tennessee,4,0,TN
2020-03-09,Texas,24,0,TX
2020-03-09,Utah,3,0,UT
2020-03-09,Vermont,1,0,VT
2020-03-09,Virginia,5,0,VA
2020-03-09,Washington,179,22,WA
2020-03-09,Wisconsin,2,0,WI
2020-03-10,Arizona,6,0,AZ
2020-03-10,California,179,3,CA
2020-03-10,Colorado,17,0,CO
2020-03-10,Connecticut,2,0,CT
2020-03-10,District of Columbia,4,0,DC
2020-03-10,Florida,23,2,FL
2020-03-10,Georgia,22,0,GA
2020-03-10,Hawaii,2,0,HI
2020-03-10,Illinois,19,0,IL
2020-03-10,Indiana,6,0,IN
2020-03-10,Iowa,13,0,IA
2020-03-10,Kansas,1,0,KS
2020-03-10,Kentucky,7,0,KY
2020-03-10,Louisiana,6,0,LA
2020-03-10,Maryland,9,0,MD
2020-03-10,Massachusetts,92,0,MA
2020-03-10,Michigan,2,0,MI
2020-03-10,Minnesota,3,0,MN
2020-03-10,Missouri,1,0,MO
2020-03-10,Nebraska,17,0,NE
2020-03-10,Nevada,4,0,NV
2020-03-10,New Hampshire,5,0,NH
2020-03-10,New Jersey,15,1,NJ
2020-03-10,New York,173,0,NY
2020-03-10,North Carolina,7,0,NC
2020-03-10,Ohio,3,0,OH
2020-03-10,Oklahoma,2,0,OK
2020-03-10,Oregon,14,0,OR
2020-03-10,Pennsylvania,12,0,PA
2020-03-10,Rhode Island,5,0,RI
2020-03-10,South Carolina,9,0,SC
2020-03-10,South Dakota,5,1,SD
2020-03-10,Tennessee,7,0,TN
2020-03-10,Texas,31,0,TX
2020-03-10,Utah,4,0,UT
2020-03-10,Vermont,1,0,VT
2020-03-10,Virginia,8,0,VA
2020-03-10,Washington,279,24,WA
2020-03-10,Wisconsin,3,0,WI
2020-03-11,Arizona,9,0,AZ
2020-03-11,Arkansas,1,0,AR
2020-03-11,California,202,4,CA
2020-03-11,Colorado,34,0,CO
2020-03-11,Connecticut,3,0,CT
2020-03-11,Delaware,1,0,DE
2020-03-11,District of Columbia,10,0,DC
2020-03-11,Florida,26,2,FL
2020-03-11,Georgia,31,0,GA
2020-03-11,Hawaii,2,0,HI
2020-03-11,Illinois,25,0,IL
2020-03-11,Indiana,11,0,IN
2020-03-11,Iowa,14,0,IA
2020-03-11,Kansas,1,0,KS
2020-03-11,Kentucky,7,0,KY
2020-03-11,Louisiana,13,0,LA
2020-03-11,Maryland,13,0,MD
2020-03-11,Massachusetts,95,0,MA
2020-03-11,Michigan,2,0,MI
2020-03-11,Minnesota,5,0,MN
2020-03-11,Mississippi,1,0,MS
2020-03-11,Missouri,1,0,MO
2020-03-11,Nebraska,23,0,NE
2020-03-11,Nevada,7,0,NV
2020-03-11,New Hampshire,5,0,NH
2020-03-11,New Jersey,23,1,NJ
2020-03-11,New Mexico,4,0,NM
2020-03-11,New York,217,0,NY
2020-03-11,North Carolina,8,0,NC
2020-03-11,North Dakota,1,0,ND
2020-03-11,Ohio,4,0,OH
2020-03-11,Oklahoma,2,0,OK
2020-03-11,Oregon,20,0,OR
2020-03-11,Pennsylvania,16,0,PA
2020-03-11,Rhode Island,5,0,RI
2020-03-11,South Carolina,10,0,SC
2020-03-11,South Dakota,8,1,SD
2020-03-11,Tennessee,8,0,TN
2020-03-11,Texas,33,0,TX
2020-03-11,Utah,5,0,UT
2020-03-11,Vermont,2,0,VT
2020-03-11,Virginia,10,0,VA
2020-03-11,Washington,338,29,WA
2020-03-11,Wisconsin,6,0,WI
2020-03-11,Wyoming,1,0,WY
2020-03-12,Alaska,1,0,AK
2020-03-12,Arizona,9,0,AZ
2020-03-12,Arkansas,6,0,AR
2020-03-12,California,252,4,CA
2020-03-12,Colorado,49,1,CO
2020-03-12,Connecticut,6,0,CT
2020-03-12,Delaware,4,0,DE
2020-03-12,District of Columbia,10,0,DC
2020-03-12,Florida,46,2,FL
2020-03-12,Georgia,31,1,GA
2020-03-12,Hawaii,2,0,HI
2020-03-12,Illinois,32,0,IL
2020-03-12,Indiana,12,0,IN
2020-03-12,Iowa,16,0,IA
2020-03-12,Kansas,5,1,KS
2020-03-12,Kentucky,11,0,KY
2020-03-12,Louisiana,14,0,LA
2020-03-12,Maine,1,0,ME
2020-03-12,Maryland,13,0,MD
2020-03-12,Massachusetts,108,0,MA
2020-03-12,Michigan,12,0,MI
2020-03-12,Minnesota,9,0,MN
2020-03-12,Mississippi,1,0,MS
2020-03-12,Missouri,2,0,MO
2020-03-12,Nebraska,24,0,NE
2020-03-12,Nevada,11,0,NV
2020-03-12,New Hampshire,6,0,NH
2020-03-12,New Jersey,29,1,NJ
2020-03-12,New Mexico,6,0,NM
2020-03-12,New York,326,0,NY
2020-03-12,North Carolina,16,0,NC
2020-03-12,North Dakota,1,0,ND
2020-03-12,Ohio,5,0,OH
2020-03-12,Oklahoma,2,0,OK
2020-03-12,Oregon,30,0,OR
2020-03-12,Pennsylvania,22,0,PA
2020-03-12,Rhode Island,5,0,RI
2020-03-12,South Carolina,12,0,SC
2020-03-12,South Dakota,8,1,SD
2020-03-12,Tennessee,18,0,TN
2020-03-12,Texas,41,0,TX
2020-03-12,Utah,7,0,UT
2020-03-12,Vermont,2,0,VT
2020-03-12,Virginia,17,0,VA
2020-03-12,Washington,419,32,WA
2020-03-12,Wisconsin,8,0,WI
2020-03-12,Wyoming,1,0,WY
2020-03-13,Alabama,6,0,AL
2020-03-13,Alaska,1,0,AK
2020-03-13,Arizona,9,0,AZ
2020-03-13,Arkansas,7,0,AR
2020-03-13,California,320,5,CA
2020-03-13,Colorado,78,2,CO
2020-03-13,Connecticut,11,0,CT
2020-03-13,Delaware,4,0,DE
2020-03-13,District of Columbia,10,0,DC
2020-03-13,Florida,70,2,FL
2020-03-13,Georgia,41,1,GA
2020-03-13,Hawaii,2,0,HI
2020-03-13,Idaho,1,0,ID
2020-03-13,Illinois,46,0,IL
2020-03-13,Indiana,12,0,IN
2020-03-13,Iowa,17,0,IA
2020-03-13,Kansas,6,1,KS
2020-03-13,Kentucky,11,0,KY
2020-03-13,Louisiana,36,0,LA
2020-03-13,Maine,2,0,ME
2020-03-13,Maryland,18,0,MD
2020-03-13,Massachusetts,123,0,MA
2020-03-13,Michigan,25,0,MI
2020-03-13,Minnesota,14,0,MN
2020-03-13,Mississippi,6,0,MS
2020-03-13,Missouri,4,0,MO
2020-03-13,Montana,4,0,MT
2020-03-13,Nebraska,27,0,NE
2020-03-13,Nevada,19,0,NV
2020-03-13,New Hampshire,7,0,NH
2020-03-13,New Jersey,50,1,NJ
2020-03-13,New Mexico,10,0,NM
2020-03-13,New York,421,0,NY
2020-03-13,North Carolina,18,0,NC
2020-03-13,North Dakota,1,0,ND
2020-03-13,Ohio,13,0,OH
2020-03-13,Oklahoma,3,0,OK
2020-03-13,Oregon,30,0,OR
2020-03-13,Pennsylvania,41,0,PA
2020-03-13,Rhode Island,20,0,RI
2020-03-13,South Carolina,13,0,SC
2020-03-13,South Dakota,9,1,SD
2020-03-13,Tennessee,26,0,TN
2020-03-13,Texas,58,0,TX
2020-03-13,Utah,7,0,UT
2020-03-13,Vermont,2,0,VT
2020-03-13,Virginia,30,0,VA
2020-03-13,Washington,511,37,WA
2020-03-13,Wisconsin,19,0,WI
2020-03-13,Wyoming,2,0,WY
2020-03-14,Alabama,12,0,AL
2020-03-14,Alaska,1,0,AK
2020-03-14,Arizona,12,0,AZ
2020-03-14,Arkansas,9,0,AR
2020-03-14,California,381,5,CA
2020-03-14,Colorado,103,2,CO
2020-03-14,Connecticut,20,0,CT
2020-03-14,Delaware,4,0,DE
2020-03-14,District of Columbia,16,0,DC
2020-03-14,Florida,70,3,FL
2020-03-14,Georgia,65,1,GA
2020-03-14,Hawaii,4,0,HI
2020-03-14,Idaho,5,0,ID
2020-03-14,Illinois,66,0,IL
2020-03-14,Indiana,15,0,IN
2020-03-14,Iowa,18,0,IA
2020-03-14,Kansas,8,1,KS
2020-03-14,Kentucky,18,0,KY
2020-03-14,Louisiana,77,1,LA
2020-03-14,Maine,3,0,ME
2020-03-14,Maryland,27,0,MD
2020-03-14,Massachusetts,138,0,MA
2020-03-14,Michigan,33,0,MI
2020-03-14,Minnesota,21,0,MN
2020-03-14,Mississippi,6,0,MS
2020-03-14,Missouri,5,0,MO
2020-03-14,Montana,6,0,MT
2020-03-14,Nebraska,29,0,NE
2020-03-14,Nevada,21,0,NV
2020-03-14,New Hampshire,7,0,NH
2020-03-14,New Jersey,75,2,NJ
2020-03-14,New Mexico,13,0,NM
2020-03-14,New York,610,2,NY
2020-03-14,North Carolina,25,0,NC
2020-03-14,North Dakota,1,0,ND
2020-03-14,Ohio,26,0,OH
2020-03-14,Oklahoma,4,0,OK
2020-03-14,Oregon,36,1,OR
2020-03-14,Pennsylvania,47,0,PA
2020-03-14,Rhode Island,20,0,RI
2020-03-14,South Carolina,19,0,SC
2020-03-14,South Dakota,9,1,SD
2020-03-14,Tennessee,32,0,TN
2020-03-14,Texas,69,0,TX
2020-03-14,Utah,21,0,UT
2020-03-14,Vermont,5,0,VT
2020-03-14,Virginia,42,1,VA
2020-03-14,Washington,609,40,WA
2020-03-14,Wisconsin,27,0,WI
2020-03-14,Wyoming,3,0,WY
2020-03-15,Alabama,23,0,AL
2020-03-15,Alaska,1,0,AK
2020-03-15,Arizona,13,0,AZ
2020-03-15,Arkansas,16,0,AR
2020-03-15,California,478,6,CA
2020-03-15,Colorado,136,2,CO
2020-03-15,Connecticut,26,0,CT
2020-03-15,Delaware,7,0,DE
2020-03-15,District of Columbia,17,0,DC
2020-03-15,Florida,109,3,FL
2020-03-15,Georgia,97,1,GA
2020-03-15,Hawaii,7,0,HI
2020-03-15,Idaho,5,0,ID
2020-03-15,Illinois,94,0,IL
2020-03-15,Indiana,19,0,IN
2020-03-15,Iowa,22,0,IA
2020-03-15,Kansas,9,1,KS
2020-03-15,Kentucky,21,0,KY
2020-03-15,Louisiana,103,2,LA
2020-03-15,Maine,12,0,ME
2020-03-15,Maryland,32,0,MD
2020-03-15,Massachusetts,164,0,MA
2020-03-15,Michigan,53,0,MI
2020-03-15,Minnesota,35,0,MN
2020-03-15,Mississippi,10,0,MS
2020-03-15,Missouri,5,0,MO
2020-03-15,Montana,6,0,MT
2020-03-15,Nebraska,31,0,NE
2020-03-15,Nevada,26,0,NV
2020-03-15,New Hampshire,13,0,NH
2020-03-15,New Jersey,98,2,NJ
2020-03-15,New Mexico,17,0,NM
2020-03-15,New York,732,6,NY
2020-03-15,North Carolina,32,0,NC
2020-03-15,North Dakota,1,0,ND
2020-03-15,Ohio,37,0,OH
2020-03-15,Oklahoma,8,0,OK
2020-03-15,Oregon,39,1,OR
2020-03-15,Pennsylvania,68,0,PA
2020-03-15,Rhode Island,20,0,RI
2020-03-15,South Carolina,28,0,SC
2020-03-15,South Dakota,9,1,SD
2020-03-15,Tennessee,39,0,TN
2020-03-15,Texas,80,0,TX
2020-03-15,Utah,29,0,UT
2020-03-15,Vermont,8,0,VT
2020-03-15,Virginia,45,1,VA
2020-03-15,Washington,675,42,WA
2020-03-15,Wisconsin,33,0,WI
2020-03-15,Wyoming,3,0,WY
2020-03-16,Alabama,29,0,AL
2020-03-16,Alaska,3,0,AK
2020-03-16,Arizona,18,0,AZ
2020-03-16,Arkansas,22,0,AR
2020-03-16,California,588,11,CA
2020-03-16,Colorado,161,2,CO
2020-03-16,Connecticut,41,0,CT
2020-03-16,Delaware,8,0,DE
2020-03-16,District of Columbia,22,0,DC
2020-03-16,Florida,141,4,FL
2020-03-16,Georgia,118,1,GA
2020-03-16,Hawaii,10,0,HI
2020-03-16,Idaho,5,0,ID
2020-03-16,Illinois,104,0,IL
2020-03-16,Indiana,24,1,IN
2020-03-16,Iowa,22,0,IA
2020-03-16,Kansas,11,1,KS
2020-03-16,Kentucky,22,1,KY
2020-03-16,Louisiana,137,3,LA
2020-03-16,Maine,17,0,ME
2020-03-16,Maryland,39,0,MD
2020-03-16,Massachusetts,197,0,MA
2020-03-16,Michigan,54,0,MI
2020-03-16,Minnesota,54,0,MN
2020-03-16,Mississippi,12,0,MS
2020-03-16,Missouri,9,0,MO
2020-03-16,Montana,8,0,MT
2020-03-16,Nebraska,33,0,NE
2020-03-16,Nevada,45,1,NV
2020-03-16,New Hampshire,17,0,NH
2020-03-16,New Jersey,176,3,NJ
2020-03-16,New Mexico,21,0,NM
2020-03-16,New York,950,10,NY
2020-03-16,North Carolina,34,0,NC
2020-03-16,North Dakota,1,0,ND
2020-03-16,Ohio,50,0,OH
2020-03-16,Oklahoma,10,0,OK
2020-03-16,Oregon,46,1,OR
2020-03-16,Pennsylvania,81,0,PA
2020-03-16,Rhode Island,21,0,RI
2020-03-16,South Carolina,33,1,SC
2020-03-16,South Dakota,10,1,SD
2020-03-16,Tennessee,52,0,TN
2020-03-16,Texas,87,1,TX
2020-03-16,Utah,40,0,UT
2020-03-16,Vermont,12,0,VT
2020-03-16,Virginia,51,1,VA
2020-03-16,Washington,794,48,WA
2020-03-16,Wisconsin,47,0,WI
2020-03-16,Wyoming,10,0,WY
2020-03-17,Alabama,39,0,AL
2020-03-17,Alaska,6,0,AK
2020-03-17,Arizona,20,0,AZ
2020-03-17,Arkansas,22,0,AR
2020-03-17,California,732,14,CA
2020-03-17,Colorado,183,3,CO
2020-03-17,Connecticut,68,0,CT
2020-03-17,Delaware,16,0,DE
2020-03-17,District of Columbia,31,0,DC
2020-03-17,Florida,210,6,FL
2020-03-17,Georgia,142,1,GA
2020-03-17,Hawaii,14,0,HI
2020-03-17,Idaho,9,0,ID
2020-03-17,Illinois,159,1,IL
2020-03-17,Indiana,30,2,IN
2020-03-17,Iowa,29,0,IA
2020-03-17,Kansas,17,1,KS
2020-03-17,Kentucky,26,1,KY
2020-03-17,Louisiana,196,5,LA
2020-03-17,Maine,32,0,ME
2020-03-17,Maryland,57,0,MD
2020-03-17,Massachusetts,218,0,MA
2020-03-17,Michigan,65,0,MI
2020-03-17,Minnesota,60,0,MN
2020-03-17,Mississippi,21,0,MS
2020-03-17,Missouri,16,0,MO
2020-03-17,Montana,8,0,MT
2020-03-17,Nebraska,36,0,NE
2020-03-17,Nevada,55,1,NV
2020-03-17,New Hampshire,26,0,NH
2020-03-17,New Jersey,268,3,NJ
2020-03-17,New Mexico,23,0,NM
2020-03-17,New York,1374,17,NY
2020-03-17,North Carolina,42,0,NC
2020-03-17,North Dakota,5,0,ND
2020-03-17,Ohio,67,0,OH
2020-03-17,Oklahoma,18,0,OK
2020-03-17,Oregon,66,2,OR
2020-03-17,Pennsylvania,101,0,PA
2020-03-17,Rhode Island,23,0,RI
2020-03-17,South Carolina,47,1,SC
2020-03-17,South Dakota,11,1,SD
2020-03-17,Tennessee,73,0,TN
2020-03-17,Texas,106,1,TX
2020-03-17,Utah,51,0,UT
2020-03-17,Vermont,14,0,VT
2020-03-17,Virginia,67,2,VA
2020-03-17,Washington,908,54,WA
2020-03-17,West Virginia,1,0,WV
2020-03-17,Wisconsin,72,0,WI
2020-03-17,Wyoming,15,0,WY
2020-03-18,Alabama,51,0,AL
2020-03-18,Alaska,9,0,AK
2020-03-18,Arizona,28,0,AZ
2020-03-18,Arkansas,33,0,AR
2020-03-18,California,893,17,CA
2020-03-18,Colorado,216,3,CO
2020-03-18,Connecticut,96,1,CT
2020-03-18,Delaware,26,0,DE
2020-03-18,District of Columbia,36,0,DC
2020-03-18,Florida,326,7,FL
2020-03-18,Georgia,193,3,GA
2020-03-18,Hawaii,16,0,HI
2020-03-18,Idaho,11,0,ID
2020-03-18,Illinois,286,1,IL
2020-03-18,Indiana,39,2,IN
2020-03-18,Iowa,38,0,IA
2020-03-18,Kansas,22,1,KS
2020-03-18,Kentucky,35,1,KY
2020-03-18,Louisiana,280,7,LA
2020-03-18,Maine,43,0,ME
2020-03-18,Maryland,85,1,MD
2020-03-18,Massachusetts,256,0,MA
2020-03-18,Michigan,80,1,MI
2020-03-18,Minnesota,77,0,MN
2020-03-18,Mississippi,34,0,MS
2020-03-18,Missouri,21,1,MO
2020-03-18,Montana,12,0,MT
2020-03-18,Nebraska,43,0,NE
2020-03-18,Nevada,82,1,NV
2020-03-18,New Hampshire,39,0,NH
2020-03-18,New Jersey,427,5,NJ
2020-03-18,New Mexico,28,0,NM
2020-03-18,New York,2382,27,NY
2020-03-18,North Carolina,66,0,NC
2020-03-18,North Dakota,7,0,ND
2020-03-18,Ohio,90,0,OH
2020-03-18,Oklahoma,29,0,OK
2020-03-18,Oregon,74,3,OR
2020-03-18,Pennsylvania,139,1,PA
2020-03-18,Rhode Island,33,0,RI
2020-03-18,South Carolina,60,1,SC
2020-03-18,South Dakota,11,1,SD
2020-03-18,Tennessee,98,0,TN
2020-03-18,Texas,166,2,TX
2020-03-18,Utah,65,0,UT
2020-03-18,Vermont,19,0,VT
2020-03-18,Virginia,78,2,VA
2020-03-18,Washington,1026,68,WA
2020-03-18,West Virginia,2,0,WV
2020-03-18,Wisconsin,106,0,WI
2020-03-18,Wyoming,17,0,WY
2020-03-19,Alabama,78,0,AL
2020-03-19,Alaska,12,0,AK
2020-03-19,Arizona,47,0,AZ
2020-03-19,Arkansas,62,0,AR
2020-03-19,California,1067,19,CA
2020-03-19,Colorado,278,5,CO
2020-03-19,Connecticut,159,4,CT
2020-03-19,Delaware,30,0,DE
2020-03-19,District of Columbia,68,0,DC
2020-03-19,Florida,434,8,FL
2020-03-19,Georgia,282,10,GA
2020-03-19,Hawaii,26,0,HI
2020-03-19,Idaho,23,0,ID
2020-03-19,Illinois,420,4,IL
2020-03-19,Indiana,56,2,IN
2020-03-19,Iowa,44,0,IA
2020-03-19,Kansas,35,1,KS
2020-03-19,Kentucky,47,2,KY
2020-03-19,Louisiana,392,10,LA
2020-03-19,Maine,52,0,ME
2020-03-19,Maryland,108,1,MD
2020-03-19,Massachusetts,328,0,MA
2020-03-19,Michigan,334,3,MI
2020-03-19,Minnesota,89,0,MN
2020-03-19,Mississippi,50,1,MS
2020-03-19,Missouri,35,1,MO
2020-03-19,Montana,19,0,MT
2020-03-19,Nebraska,47,0,NE
2020-03-19,Nevada,99,1,NV
2020-03-19,New Hampshire,44,0,NH
2020-03-19,New Jersey,735,9,NJ
2020-03-19,New Mexico,35,0,NM
2020-03-19,New York,4152,30,NY
2020-03-19,North Carolina,104,0,NC
2020-03-19,North Dakota,19,0,ND
2020-03-19,Ohio,120,0,OH
2020-03-19,Oklahoma,44,1,OK
2020-03-19,Oregon,87,3,OR
2020-03-19,Pennsylvania,187,1,PA
2020-03-19,Rhode Island,44,0,RI
2020-03-19,South Carolina,81,1,SC
2020-03-19,South Dakota,14,1,SD
2020-03-19,Tennessee,155,0,TN
2020-03-19,Texas,248,4,TX
2020-03-19,Utah,80,0,UT
2020-03-19,Vermont,22,2,VT
2020-03-19,Virginia,94,2,VA
2020-03-19,Washington,1228,75,WA
2020-03-19,West Virginia,5,0,WV
2020-03-19,Wisconsin,155,2,WI
2020-03-19,Wyoming,18,0,WY
2020-03-20,Alabama,106,0,AL
2020-03-20,Alaska,14,0,AK
2020-03-20,Arizona,70,1,AZ
2020-03-20,Arkansas,100,0,AR
2020-03-20,California,1283,24,CA
2020-03-20,Colorado,364,5,CO
2020-03-20,Connecticut,194,4,CT
2020-03-20,Delaware,39,0,DE
2020-03-20,District of Columbia,77,1,DC
2020-03-20,Florida,564,9,FL
2020-03-20,Georgia,482,14,GA
2020-03-20,Hawaii,37,0,HI
2020-03-20,Idaho,31,0,ID
2020-03-20,Illinois,583,5,IL
2020-03-20,Indiana,79,3,IN
2020-03-20,Iowa,45,0,IA
2020-03-20,Kansas,49,1,KS
2020-03-20,Kentucky,63,2,KY
2020-03-20,Louisiana,537,10,LA
2020-03-20,Maine,57,0,ME
2020-03-20,Maryland,150,2,MD
2020-03-20,Massachusetts,413,1,MA
2020-03-20,Michigan,548,4,MI
2020-03-20,Minnesota,115,0,MN
2020-03-20,Mississippi,80,1,MS
2020-03-20,Missouri,73,3,MO
2020-03-20,Montana,19,0,MT
2020-03-20,Nebraska,53,0,NE
2020-03-20,Nevada,165,2,NV
2020-03-20,New Hampshire,55,0,NH
2020-03-20,New Jersey,896,11,NJ
2020-03-20,New Mexico,43,0,NM
2020-03-20,New York,7102,57,NY
2020-03-20,North Carolina,144,0,NC
2020-03-20,North Dakota,27,0,ND
2020-03-20,Ohio,169,1,OH
2020-03-20,Oklahoma,49,1,OK
2020-03-20,Oregon,114,3,OR
2020-03-20,Pennsylvania,269,1,PA
2020-03-20,Rhode Island,44,0,RI
2020-03-20,South Carolina,126,3,SC
2020-03-20,South Dakota,14,1,SD
2020-03-20,Tennessee,237,0,TN
2020-03-20,Texas,377,5,TX
2020-03-20,Utah,112,0,UT
2020-03-20,Vermont,29,2,VT
2020-03-20,Virginia,115,2,VA
2020-03-20,Washington,1404,83,WA
2020-03-20,West Virginia,8,0,WV
2020-03-20,Wisconsin,216,3,WI
2020-03-20,Wyoming,22,0,WY
2020-03-21,Alabama,131,0,AL
2020-03-21,Alaska,21,0,AK
2020-03-21,Arizona,104,1,AZ
2020-03-21,Arkansas,118,0,AR
2020-03-21,California,1544,28,CA
2020-03-21,Colorado,475,6,CO
2020-03-21,Connecticut,223,5,CT
2020-03-21,Delaware,45,0,DE
2020-03-21,District of Columbia,98,1,DC
2020-03-21,Florida,764,11,FL
2020-03-21,Georgia,552,20,GA
2020-03-21,Hawaii,48,0,HI
2020-03-21,Idaho,42,0,ID
2020-03-21,Illinois,751,6,IL
2020-03-21,Indiana,126,4,IN
2020-03-21,Iowa,68,0,IA
2020-03-21,Kansas,57,2,KS
2020-03-21,Kentucky,84,3,KY
2020-03-21,Louisiana,763,16,LA
2020-03-21,Maine,70,0,ME
2020-03-21,Maryland,195,3,MD
2020-03-21,Massachusetts,525,2,MA
2020-03-21,Michigan,787,6,MI
2020-03-21,Minnesota,138,1,MN
2020-03-21,Mississippi,140,1,MS
2020-03-21,Missouri,93,3,MO
2020-03-21,Montana,29,0,MT
2020-03-21,Nebraska,61,0,NE
2020-03-21,Nevada,165,2,NV
2020-03-21,New Hampshire,65,0,NH
2020-03-21,New Jersey,1336,16,NJ
2020-03-21,New Mexico,57,0,NM
2020-03-21,New York,10356,80,NY
2020-03-21,North Carolina,184,0,NC
2020-03-21,North Dakota,28,0,ND
2020-03-21,Ohio,247,3,OH
2020-03-21,Oklahoma,53,1,OK
2020-03-21,Oregon,137,4,OR
2020-03-21,Pennsylvania,388,2,PA
2020-03-21,Rhode Island,66,0,RI
2020-03-21,South Carolina,172,3,SC
2020-03-21,South Dakota,14,1,SD
2020-03-21,Tennessee,312,2,TN
2020-03-21,Texas,547,5,TX
2020-03-21,Utah,138,0,UT
2020-03-21,Vermont,49,2,VT
2020-03-21,Virginia,152,3,VA
2020-03-21,Washington,1655,95,WA
2020-03-21,West Virginia,12,0,WV
2020-03-21,Wisconsin,281,4,WI
2020-03-21,Wyoming,24,0,WY
2020-03-22,Alabama,157,0,AL
2020-03-22,Alaska,22,0,AK
2020-03-22,Arizona,153,2,AZ
2020-03-22,Arkansas,165,0,AR
2020-03-22,California,1851,35,CA
2020-03-22,Colorado,591,7,CO
2020-03-22,Connecticut,327,8,CT
2020-03-22,Delaware,56,0,DE
2020-03-22,District of Columbia,116,2,DC
2020-03-22,Florida,1000,13,FL
2020-03-22,Georgia,620,25,GA
2020-03-22,Hawaii,56,0,HI
2020-03-22,Idaho,47,0,ID
2020-03-22,Illinois,1047,9,IL
2020-03-22,Indiana,201,6,IN
2020-03-22,Iowa,90,0,IA
2020-03-22,Kansas,66,2,KS
2020-03-22,Kentucky,103,3,KY
2020-03-22,Louisiana,837,20,LA
2020-03-22,Maine,89,0,ME
2020-03-22,Maryland,245,3,MD
2020-03-22,Massachusetts,646,5,MA
2020-03-22,Michigan,1033,9,MI
2020-03-22,Minnesota,171,1,MN
2020-03-22,Mississippi,207,1,MS
2020-03-22,Missouri,130,3,MO
2020-03-22,Montana,34,0,MT
2020-03-22,Nebraska,62,0,NE
2020-03-22,Nevada,190,2,NV
2020-03-22,New Hampshire,78,0,NH
2020-03-22,New Jersey,1914,20,NJ
2020-03-22,New Mexico,65,0,NM
2020-03-22,New York,15168,122,NY
2020-03-22,North Carolina,269,0,NC
2020-03-22,North Dakota,30,0,ND
2020-03-22,Ohio,351,3,OH
2020-03-22,Oklahoma,67,2,OK
2020-03-22,Oregon,161,5,OR
2020-03-22,Pennsylvania,504,3,PA
2020-03-22,Rhode Island,83,0,RI
2020-03-22,South Carolina,194,3,SC
2020-03-22,South Dakota,21,1,SD
2020-03-22,Tennessee,424,2,TN
2020-03-22,Texas,632,7,TX
2020-03-22,Utah,182,1,UT
2020-03-22,Vermont,52,2,VT
2020-03-22,Virginia,219,6,VA
2020-03-22,Washington,1844,97,WA
2020-03-22,West Virginia,16,0,WV
2020-03-22,Wisconsin,382,4,WI
2020-03-22,Wyoming,26,0,WY
2020-03-23,Alabama,196,0,AL
2020-03-23,Alaska,36,0,AK
2020-03-23,Arizona,234,2,AZ
2020-03-23,Arkansas,201,0,AR
2020-03-23,California,2240,39,CA
2020-03-23,Colorado,721,10,CO
2020-03-23,Connecticut,415,10,CT
2020-03-23,Delaware,87,0,DE
2020-03-23,District of Columbia,138,2,DC
2020-03-23,Florida,1222,18,FL
2020-03-23,Georgia,800,25,GA
2020-03-23,Hawaii,77,0,HI
2020-03-23,Idaho,50,0,ID
2020-03-23,Illinois,1285,12,IL
2020-03-23,Indiana,259,7,IN
2020-03-23,Iowa,105,0,IA
2020-03-23,Kansas,82,2,KS
2020-03-23,Kentucky,124,3,KY
2020-03-23,Louisiana,1172,34,LA
2020-03-23,Maine,107,0,ME
2020-03-23,Maryland,290,3,MD
2020-03-23,Massachusetts,777,5,MA
2020-03-23,Michigan,1324,16,MI
2020-03-23,Minnesota,235,1,MN
2020-03-23,Mississippi,249,1,MS
2020-03-23,Missouri,183,4,MO
2020-03-23,Montana,45,0,MT
2020-03-23,Nebraska,73,0,NE
2020-03-23,Nevada,265,4,NV
2020-03-23,New Hampshire,101,1,NH
2020-03-23,New Jersey,2844,27,NJ
2020-03-23,New Mexico,83,0,NM
2020-03-23,New York,20875,159,NY
2020-03-23,North Carolina,303,0,NC
2020-03-23,North Dakota,32,0,ND
2020-03-23,Ohio,444,6,OH
2020-03-23,Oklahoma,81,2,OK
2020-03-23,Oregon,191,5,OR
2020-03-23,Pennsylvania,644,6,PA
2020-03-23,Rhode Island,106,0,RI
2020-03-23,South Carolina,299,5,SC
2020-03-23,South Dakota,28,1,SD
2020-03-23,Tennessee,522,2,TN
2020-03-23,Texas,728,7,TX
2020-03-23,Utah,257,1,UT
2020-03-23,Vermont,75,2,VT
2020-03-23,Virginia,254,6,VA
2020-03-23,Washington,2101,110,WA
2020-03-23,West Virginia,16,0,WV
2020-03-23,Wisconsin,418,5,WI
2020-03-23,Wyoming,28,0,WY
2020-03-24,Alabama,242,0,AL
2020-03-24,Alaska,42,0,AK
2020-03-24,Arizona,326,6,AZ
2020-03-24,Arkansas,232,2,AR
2020-03-24,California,2644,52,CA
2020-03-24,Colorado,912,11,CO
2020-03-24,Connecticut,618,12,CT
2020-03-24,Delaware,104,0,DE
2020-03-24,District of Columbia,183,2,DC
2020-03-24,Florida,1467,19,FL
2020-03-24,Georgia,1097,38,GA
2020-03-24,Hawaii,90,0,HI
2020-03-24,Idaho,73,0,ID
2020-03-24,Illinois,1535,16,IL
2020-03-24,Indiana,366,12,IN
2020-03-24,Iowa,124,1,IA
2020-03-24,Kansas,99,3,KS
2020-03-24,Kentucky,157,3,KY
2020-03-24,Louisiana,1388,46,LA
2020-03-24,Maine,118,0,ME
2020-03-24,Maryland,349,4,MD
2020-03-24,Massachusetts,1159,11,MA
2020-03-24,Michigan,1791,24,MI
2020-03-24,Minnesota,262,1,MN
2020-03-24,Mississippi,320,1,MS
2020-03-24,Missouri,255,5,MO
2020-03-24,Montana,51,0,MT
2020-03-24,Nebraska,77,0,NE
2020-03-24,Nevada,315,6,NV
2020-03-24,New Hampshire,108,1,NH
2020-03-24,New Jersey,3675,44,NJ
2020-03-24,New Mexico,100,0,NM
2020-03-24,New York,25665,218,NY
2020-03-24,North Carolina,399,0,NC
2020-03-24,North Dakota,36,0,ND
2020-03-24,Ohio,564,8,OH
2020-03-24,Oklahoma,106,3,OK
2020-03-24,Oregon,209,8,OR
2020-03-24,Pennsylvania,851,7,PA
2020-03-24,Rhode Island,124,0,RI
2020-03-24,South Carolina,342,7,SC
2020-03-24,South Dakota,30,1,SD
2020-03-24,Tennessee,679,2,TN
2020-03-24,Texas,857,11,TX
2020-03-24,Utah,298,1,UT
2020-03-24,Vermont,95,7,VT
2020-03-24,Virginia,290,7,VA
2020-03-24,Washington,2469,123,WA
2020-03-24,West Virginia,39,0,WV
2020-03-24,Wisconsin,481,5,WI
2020-03-24,Wyoming,37,0,WY
2020-03-25,Alabama,386,1,AL
2020-03-25,Alaska,59,0,AK
2020-03-25,Arizona,402,6,AZ
2020-03-25,Arkansas,308,2,AR
2020-03-25,California,3183,67,CA
2020-03-25,Colorado,1086,19,CO
2020-03-25,Connecticut,875,19,CT
2020-03-25,Delaware,119,0,DE
2020-03-25,District of Columbia,231,3,DC
2020-03-25,Florida,1965,23,FL
2020-03-25,Georgia,1387,47,GA
2020-03-25,Hawaii,95,0,HI
2020-03-25,Idaho,123,0,ID
2020-03-25,Illinois,1875,21,IL
2020-03-25,Indiana,479,14,IN
2020-03-25,Iowa,145,1,IA
2020-03-25,Kansas,132,3,KS
2020-03-25,Kentucky,198,5,KY
2020-03-25,Louisiana,1795,65,LA
2020-03-25,Maine,142,0,ME
2020-03-25,Maryland,423,4,MD
2020-03-25,Massachusetts,1838,15,MA
2020-03-25,Michigan,2294,43,MI
2020-03-25,Minnesota,287,1,MN
2020-03-25,Mississippi,377,5,MS
2020-03-25,Missouri,377,8,MO
2020-03-25,Montana,65,0,MT
2020-03-25,Nebraska,84,0,NE
2020-03-25,Nevada,405,10,NV
2020-03-25,New Hampshire,137,1,NH
2020-03-25,New Jersey,4402,62,NJ
2020-03-25,New Mexico,112,1,NM
2020-03-25,New York,33066,325,NY
2020-03-25,North Carolina,563,1,NC
2020-03-25,North Dakota,45,0,ND
2020-03-25,Ohio,706,11,OH
2020-03-25,Oklahoma,164,5,OK
2020-03-25,Oregon,266,10,OR
2020-03-25,Pennsylvania,1151,11,PA
2020-03-25,Rhode Island,132,0,RI
2020-03-25,South Carolina,424,7,SC
2020-03-25,South Dakota,41,1,SD
2020-03-25,Tennessee,806,3,TN
2020-03-25,Texas,1119,12,TX
2020-03-25,Utah,346,1,UT
2020-03-25,Vermont,123,8,VT
2020-03-25,Virginia,391,9,VA
2020-03-25,Washington,2585,130,WA
2020-03-25,West Virginia,51,0,WV
2020-03-25,Wisconsin,623,7,WI
2020-03-25,Wyoming,49,0,WY
2020-03-26,Alabama,538,3,AL
2020-03-26,Alaska,69,0,AK
2020-03-26,Arizona,508,8,AZ
2020-03-26,Arkansas,351,3,AR
2020-03-26,California,4060,82,CA
2020-03-26,Colorado,1432,24,CO
2020-03-26,Connecticut,1012,21,CT
2020-03-26,Delaware,143,1,DE
2020-03-26,District of Columbia,267,3,DC
2020-03-26,Florida,2477,29,FL
2020-03-26,Georgia,1643,56,GA
2020-03-26,Hawaii,106,0,HI
2020-03-26,Idaho,189,3,ID
2020-03-26,Illinois,2538,26,IL
2020-03-26,Indiana,656,18,IN
2020-03-26,Iowa,179,1,IA
2020-03-26,Kansas,171,3,KS
2020-03-26,Kentucky,248,5,KY
2020-03-26,Louisiana,2305,83,LA
2020-03-26,Maine,155,0,ME
2020-03-26,Maryland,581,4,MD
2020-03-26,Massachusetts,2417,25,MA
2020-03-26,Michigan,2878,63,MI
2020-03-26,Minnesota,346,2,MN
2020-03-26,Mississippi,487,6,MS
2020-03-26,Missouri,507,8,MO
2020-03-26,Montana,90,0,MT
2020-03-26,Nebraska,92,0,NE
2020-03-26,Nevada,535,10,NV
2020-03-26,New Hampshire,158,1,NH
2020-03-26,New Jersey,6876,81,NJ
2020-03-26,New Mexico,136,1,NM
2020-03-26,New York,38987,432,NY
2020-03-26,North Carolina,638,2,NC
2020-03-26,North Dakota,58,0,ND
2020-03-26,Ohio,867,15,OH
2020-03-26,Oklahoma,248,7,OK
2020-03-26,Oregon,316,11,OR
2020-03-26,Pennsylvania,1690,16,PA
2020-03-26,Rhode Island,165,0,RI
2020-03-26,South Carolina,456,9,SC
2020-03-26,South Dakota,46,1,SD
2020-03-26,Tennessee,981,3,TN
2020-03-26,Texas,1543,21,TX
2020-03-26,Utah,402,1,UT
2020-03-26,Vermont,158,9,VT
2020-03-26,Virginia,604,14,VA
2020-03-26,Washington,3208,151,WA
2020-03-26,West Virginia,76,0,WV
2020-03-26,Wisconsin,754,10,WI
2020-03-26,Wyoming,56,0,WY
2020-03-27,Alabama,639,4,AL
2020-03-27,Alaska,85,1,AK
2020-03-27,Arizona,665,15,AZ
2020-03-27,Arkansas,386,3,AR
2020-03-27,California,4914,102,CA
2020-03-27,Colorado,1735,31,CO
2020-03-27,Connecticut,1291,27,CT
2020-03-27,Delaware,165,2,DE
2020-03-27,District of Columbia,304,4,DC
2020-03-27,Florida,3198,46,FL
2020-03-27,Georgia,2198,64,GA
2020-03-27,Hawaii,120,0,HI
2020-03-27,Idaho,231,4,ID
2020-03-27,Illinois,3029,37,IL
2020-03-27,Indiana,982,26,IN
2020-03-27,Iowa,235,3,IA
2020-03-27,Kansas,212,4,KS
2020-03-27,Kentucky,302,8,KY
2020-03-27,Louisiana,2746,119,LA
2020-03-27,Maine,168,1,ME
2020-03-27,Maryland,775,5,MD
2020-03-27,Massachusetts,3240,35,MA
2020-03-27,Michigan,3657,93,MI
2020-03-27,Minnesota,398,4,MN
2020-03-27,Mississippi,579,8,MS
2020-03-27,Missouri,671,9,MO
2020-03-27,Montana,121,1,MT
2020-03-27,Nebraska,100,2,NE
2020-03-27,Nevada,621,10,NV
2020-03-27,New Hampshire,187,2,NH
2020-03-27,New Jersey,8825,108,NJ
2020-03-27,New Mexico,191,1,NM
2020-03-27,New York,44635,535,NY
2020-03-27,North Carolina,783,3,NC
2020-03-27,North Dakota,68,1,ND
2020-03-27,Ohio,1144,22,OH
2020-03-27,Oklahoma,322,8,OK
2020-03-27,Oregon,414,12,OR
2020-03-27,Pennsylvania,2218,23,PA
2020-03-27,Rhode Island,203,0,RI
2020-03-27,South Carolina,539,13,SC
2020-03-27,South Dakota,58,1,SD
2020-03-27,Tennessee,1180,6,TN
2020-03-27,Texas,1942,23,TX
2020-03-27,Utah,480,2,UT
2020-03-27,Vermont,184,10,VT
2020-03-27,Virginia,606,14,VA
2020-03-27,Washington,3770,177,WA
2020-03-27,West Virginia,96,0,WV
2020-03-27,Wisconsin,930,16,WI
2020-03-27,Wyoming,73,0,WY
2020-03-28,Alabama,720,4,AL
2020-03-28,Alaska,102,1,AK
2020-03-28,Arizona,773,15,AZ
2020-03-28,Arkansas,409,5,AR
2020-03-28,California,5565,121,CA
2020-03-28,Colorado,2061,44,CO
2020-03-28,Connecticut,1524,33,CT
2020-03-28,Delaware,214,5,DE
2020-03-28,District of Columbia,342,4,DC
2020-03-28,Florida,4038,56,FL
2020-03-28,Georgia,2447,79,GA
2020-03-28,Hawaii,151,0,HI
2020-03-28,Idaho,261,5,ID
2020-03-28,Illinois,3547,50,IL
2020-03-28,Indiana,1232,31,IN
2020-03-28,Iowa,298,3,IA
2020-03-28,Kansas,271,6,KS
2020-03-28,Kentucky,394,9,KY
2020-03-28,Louisiana,3315,137,LA
2020-03-28,Maine,211,1,ME
2020-03-28,Maryland,1066,10,MD
2020-03-28,Massachusetts,4257,44,MA
2020-03-28,Michigan,4635,111,MI
2020-03-28,Minnesota,441,5,MN
2020-03-28,Mississippi,669,13,MS
2020-03-28,Missouri,838,10,MO
2020-03-28,Montana,147,1,MT
2020-03-28,Nebraska,122,2,NE
2020-03-28,Nevada,738,14,NV
2020-03-28,New Hampshire,214,2,NH
2020-03-28,New Jersey,11124,140,NJ
2020-03-28,New Mexico,208,2,NM
2020-03-28,New York,53363,782,NY
2020-03-28,North Carolina,972,4,NC
2020-03-28,North Dakota,94,1,ND
2020-03-28,Ohio,1406,25,OH
2020-03-28,Oklahoma,377,15,OK
2020-03-28,Oregon,479,13,OR
2020-03-28,Pennsylvania,2815,35,PA
2020-03-28,Rhode Island,239,2,RI
2020-03-28,South Carolina,660,15,SC
2020-03-28,South Dakota,68,1,SD
2020-03-28,Tennessee,1364,6,TN
2020-03-28,Texas,2161,29,TX
2020-03-28,Utah,608,2,UT
2020-03-28,Vermont,211,12,VT
2020-03-28,Virginia,740,17,VA
2020-03-28,Washington,4311,191,WA
2020-03-28,West Virginia,113,0,WV
2020-03-28,Wisconsin,1042,17,WI
2020-03-28,Wyoming,84,0,WY
2020-03-29,Alabama,830,5,AL
2020-03-29,Alaska,114,1,AK
2020-03-29,Arizona,929,18,AZ
2020-03-29,Arkansas,449,6,AR
2020-03-29,California,6266,130,CA
2020-03-29,Colorado,2315,47,CO
2020-03-29,Connecticut,1993,34,CT
2020-03-29,Delaware,232,6,DE
2020-03-29,District of Columbia,342,4,DC
2020-03-29,Florida,4942,59,FL
2020-03-29,Georgia,2683,83,GA
2020-03-29,Hawaii,175,0,HI
2020-03-29,Idaho,310,6,ID
2020-03-29,Illinois,4613,70,IL
2020-03-29,Indiana,1514,32,IN
2020-03-29,Iowa,336,4,IA
2020-03-29,Kansas,332,7,KS
2020-03-29,Kentucky,439,9,KY
2020-03-29,Louisiana,3540,152,LA
2020-03-29,Maine,253,3,ME
2020-03-29,Maryland,1244,11,MD
2020-03-29,Massachusetts,4955,48,MA
2020-03-29,Michigan,5486,132,MI
2020-03-29,Minnesota,504,9,MN
2020-03-29,Mississippi,759,14,MS
2020-03-29,Missouri,903,12,MO
2020-03-29,Montana,161,1,MT
2020-03-29,Nebraska,137,2,NE
2020-03-29,Nevada,920,15,NV
2020-03-29,New Hampshire,258,3,NH
2020-03-29,New Jersey,13386,161,NJ
2020-03-29,New Mexico,237,2,NM
2020-03-29,New York,59568,965,NY
2020-03-29,North Carolina,1167,6,NC
2020-03-29,North Dakota,98,1,ND
2020-03-29,Ohio,1665,30,OH
2020-03-29,Oklahoma,429,16,OK
2020-03-29,Oregon,548,13,OR
2020-03-29,Pennsylvania,3441,40,PA
2020-03-29,Rhode Island,294,3,RI
2020-03-29,South Carolina,774,16,SC
2020-03-29,South Dakota,90,1,SD
2020-03-29,Tennessee,1570,7,TN
2020-03-29,Texas,2712,35,TX
2020-03-29,Utah,719,2,UT
2020-03-29,Vermont,235,12,VT
2020-03-29,Virginia,890,22,VA
2020-03-29,Washington,4896,207,WA
2020-03-29,West Virginia,124,1,WV
2020-03-29,Wisconsin,1120,17,WI
2020-03-29,Wyoming,87,0,WY
2020-03-30,Alabama,947,11,AL
2020-03-30,Alaska,119,2,AK
2020-03-30,Arizona,1169,20,AZ
2020-03-30,Arkansas,508,7,AR
2020-03-30,California,7421,146,CA
2020-03-30,Colorado,2628,51,CO
2020-03-30,Connecticut,2571,36,CT
2020-03-30,Delaware,264,7,DE
2020-03-30,District of Columbia,495,9,DC
2020-03-30,Florida,5694,71,FL
2020-03-30,Georgia,3032,102,GA
2020-03-30,Hawaii,204,0,HI
2020-03-30,Idaho,415,7,ID
2020-03-30,Illinois,5070,84,IL
2020-03-30,Indiana,1788,35,IN
2020-03-30,Iowa,424,6,IA
2020-03-30,Kansas,373,9,KS
2020-03-30,Kentucky,480,11,KY
2020-03-30,Louisiana,4025,186,LA
2020-03-30,Maine,275,3,ME
2020-03-30,Maryland,1414,15,MD
2020-03-30,Massachusetts,5752,61,MA
2020-03-30,Michigan,6508,197,MI
2020-03-30,Minnesota,576,10,MN
2020-03-30,Mississippi,848,16,MS
2020-03-30,Missouri,1050,13,MO
2020-03-30,Montana,177,4,MT
2020-03-30,Nebraska,185,3,NE
2020-03-30,Nevada,1044,18,NV
2020-03-30,New Hampshire,314,3,NH
2020-03-30,New Jersey,16636,199,NJ
2020-03-30,New Mexico,281,4,NM
2020-03-30,New York,67174,1224,NY
2020-03-30,North Carolina,1304,6,NC
2020-03-30,North Dakota,109,3,ND
2020-03-30,Ohio,1933,40,OH
2020-03-30,Oklahoma,481,17,OK
2020-03-30,Oregon,606,16,OR
2020-03-30,Pennsylvania,4156,48,PA
2020-03-30,Rhode Island,408,4,RI
2020-03-30,South Carolina,925,18,SC
2020-03-30,South Dakota,101,1,SD
2020-03-30,Tennessee,1721,13,TN
2020-03-30,Texas,3043,46,TX
2020-03-30,Utah,806,4,UT
2020-03-30,Vermont,256,12,VT
2020-03-30,Virginia,1021,26,VA
2020-03-30,Washington,5179,221,WA
2020-03-30,West Virginia,145,1,WV
2020-03-30,Wisconsin,1267,20,WI
2020-03-30,Wyoming,95,0,WY
2020-03-31,Alabama,999,13,AL
2020-03-31,Alaska,133,2,AK
2020-03-31,Arizona,1298,24,AZ
2020-03-31,Arkansas,564,8,AR
2020-03-31,California,8582,183,CA
2020-03-31,Colorado,2990,69,CO
2020-03-31,Connecticut,3128,69,CT
2020-03-31,Delaware,319,10,DE
2020-03-31,District of Columbia,495,9,DC
2020-03-31,Florida,6741,85,FL
2020-03-31,Georgia,4117,125,GA
2020-03-31,Hawaii,224,1,HI
2020-03-31,Idaho,526,9,ID
2020-03-31,Illinois,5994,107,IL
2020-03-31,Indiana,2159,50,IN
2020-03-31,Iowa,498,7,IA
2020-03-31,Kansas,434,10,KS
2020-03-31,Kentucky,590,18,KY
2020-03-31,Louisiana,5237,240,LA
2020-03-31,Maine,303,5,ME
2020-03-31,Maryland,1662,18,MD
2020-03-31,Massachusetts,6620,89,MA
2020-03-31,Michigan,7630,264,MI
2020-03-31,Minnesota,629,12,MN
2020-03-31,Mississippi,937,20,MS
2020-03-31,Missouri,1351,15,MO
2020-03-31,Montana,198,5,MT
2020-03-31,Nebraska,193,4,NE
2020-03-31,Nevada,1113,26,NV
2020-03-31,New Hampshire,367,3,NH
2020-03-31,New Jersey,18696,267,NJ
2020-03-31,New Mexico,315,5,NM
2020-03-31,New York,75832,1550,NY
2020-03-31,North Carolina,1528,10,NC
2020-03-31,North Dakota,126,3,ND
2020-03-31,Ohio,2199,55,OH
2020-03-31,Oklahoma,566,23,OK
2020-03-31,Oregon,690,18,OR
2020-03-31,Pennsylvania,4997,72,PA
2020-03-31,Rhode Island,488,8,RI
2020-03-31,South Carolina,1083,22,SC
2020-03-31,South Dakota,108,1,SD
2020-03-31,Tennessee,2049,13,TN
2020-03-31,Texas,3576,57,TX
2020-03-31,Utah,887,5,UT
2020-03-31,Vermont,293,13,VT
2020-03-31,Virginia,1250,27,VA
2020-03-31,Washington,5292,226,WA
2020-03-31,West Virginia,162,1,WV
2020-03-31,Wisconsin,1351,25,WI
2020-03-31,Wyoming,120,0,WY
2020-04-01,Alabama,1106,28,AL
2020-04-01,Alaska,143,2,AK
2020-04-01,Arizona,1413,29,AZ
2020-04-01,Arkansas,624,10,AR
2020-04-01,California,9816,212,CA
2020-04-01,Colorado,3346,80,CO
2020-04-01,Connecticut,3557,85,CT
2020-04-01,Delaware,368,11,DE
2020-04-01,District of Columbia,586,11,DC
2020-04-01,Florida,7765,100,FL
2020-04-01,Georgia,4748,154,GA
2020-04-01,Hawaii,258,1,HI
2020-04-01,Idaho,669,9,ID
2020-04-01,Illinois,6980,146,IL
2020-04-01,Indiana,2565,65,IN
2020-04-01,Iowa,549,9,IA
2020-04-01,Kansas,488,11,KS
2020-04-01,Kentucky,682,20,KY
2020-04-01,Louisiana,6424,273,LA
2020-04-01,Maine,344,7,ME
2020-04-01,Maryland,1985,33,MD
2020-04-01,Massachusetts,7738,122,MA
2020-04-01,Michigan,9293,336,MI
2020-04-01,Minnesota,689,17,MN
2020-04-01,Mississippi,1073,22,MS
2020-04-01,Missouri,1581,18,MO
2020-04-01,Montana,217,5,MT
2020-04-01,Nebraska,249,5,NE
2020-04-01,Nevada,1279,32,NV
2020-04-01,New Hampshire,415,4,NH
2020-04-01,New Jersey,22255,355,NJ
2020-04-01,New Mexico,363,6,NM
2020-04-01,New York,83889,1941,NY
2020-04-01,North Carolina,1582,11,NC
2020-04-01,North Dakota,147,3,ND
2020-04-01,Ohio,2547,65,OH
2020-04-01,Oklahoma,719,30,OK
2020-04-01,Oregon,736,19,OR
2020-04-01,Pennsylvania,5805,74,PA
2020-04-01,Rhode Island,566,10,RI
2020-04-01,South Carolina,1293,26,SC
2020-04-01,South Dakota,129,2,SD
2020-04-01,Tennessee,2690,23,TN
2020-04-01,Texas,4261,63,TX
2020-04-01,Utah,1012,7,UT
2020-04-01,Vermont,321,16,VT
2020-04-01,Virginia,1511,34,VA
2020-04-01,Washington,5588,249,WA
2020-04-01,West Virginia,191,2,WV
2020-04-01,Wisconsin,1550,33,WI
2020-04-01,Wyoming,137,0,WY
2020-04-02,Alabama,1270,32,AL
2020-04-02,Alaska,146,2,AK
2020-04-02,Arizona,1600,35,AZ
2020-04-02,Arkansas,683,12,AR
2020-04-02,California,11190,247,CA
2020-04-02,Colorado,3728,96,CO
2020-04-02,Connecticut,3824,112,CT
2020-04-02,Delaware,393,12,DE
2020-04-02,District of Columbia,653,12,DC
2020-04-02,Florida,9000,144,FL
2020-04-02,Georgia,5444,176,GA
2020-04-02,Hawaii,283,2,HI
2020-04-02,Idaho,891,9,ID
2020-04-02,Illinois,7695,165,IL
2020-04-02,Indiana,3039,78,IN
2020-04-02,Iowa,614,11,IA
2020-04-02,Kansas,554,14,KS
2020-04-02,Kentucky,755,34,KY
2020-04-02,Louisiana,9150,310,LA
2020-04-02,Maine,376,7,ME
2020-04-02,Maryland,2331,36,MD
2020-04-02,Massachusetts,8966,154,MA
2020-04-02,Michigan,10791,417,MI
2020-04-02,Minnesota,742,18,MN
2020-04-02,Mississippi,1177,26,MS
2020-04-02,Missouri,1834,24,MO
2020-04-02,Montana,241,5,MT
2020-04-02,Nebraska,273,6,NE
2020-04-02,Nevada,1458,38,NV
2020-04-02,New Hampshire,479,5,NH
2020-04-02,New Jersey,25590,539,NJ
2020-04-02,New Mexico,403,7,NM
2020-04-02,New York,92770,2653,NY
2020-04-02,North Carolina,1857,17,NC
2020-04-02,North Dakota,159,3,ND
2020-04-02,Ohio,2902,81,OH
2020-04-02,Oklahoma,879,34,OK
2020-04-02,Oregon,826,21,OR
2020-04-02,Pennsylvania,7016,90,PA
2020-04-02,Rhode Island,657,12,RI
2020-04-02,South Carolina,1554,31,SC
2020-04-02,South Dakota,165,2,SD
2020-04-02,Tennessee,2869,32,TN
2020-04-02,Texas,4880,79,TX
2020-04-02,Utah,1074,7,UT
2020-04-02,Vermont,338,17,VT
2020-04-02,Virginia,1706,41,VA
2020-04-02,Washington,6585,272,WA
2020-04-02,West Virginia,217,2,WV
2020-04-02,Wisconsin,1730,37,WI
2020-04-02,Wyoming,153,0,WY
2020-04-03,Alabama,1535,38,AL
2020-04-03,Alaska,156,2,AK
2020-04-03,Arizona,1769,41,AZ
2020-04-03,Arkansas,738,12,AR
2020-04-03,California,12569,282,CA
2020-04-03,Colorado,4182,110,CO
2020-04-03,Connecticut,4915,132,CT
2020-04-03,Delaware,450,14,DE
2020-04-03,District of Columbia,757,15,DC
2020-04-03,Florida,10260,169,FL
2020-04-03,Georgia,5967,198,GA
2020-04-03,Hawaii,317,3,HI
2020-04-03,Idaho,1013,10,ID
2020-04-03,Illinois,8904,211,IL
2020-04-03,Indiana,3437,102,IN
2020-04-03,Iowa,699,11,IA
2020-04-03,Kansas,624,19,KS
2020-04-03,Kentucky,770,34,KY
2020-04-03,Louisiana,10297,370,LA
2020-04-03,Maine,432,9,ME
2020-04-03,Maryland,2758,42,MD
2020-04-03,Massachusetts,10402,192,MA
2020-04-03,Michigan,12670,478,MI
2020-04-03,Minnesota,789,22,MN
2020-04-03,Mississippi,1358,29,MS
2020-04-03,Missouri,2113,31,MO
2020-04-03,Montana,262,5,MT
2020-04-03,Nebraska,296,6,NE
2020-04-03,Nevada,1549,43,NV
2020-04-03,New Hampshire,540,7,NH
2020-04-03,New Jersey,29895,647,NJ
2020-04-03,New Mexico,495,10,NM
2020-04-03,New York,102870,2935,NY
2020-04-03,North Carolina,2093,19,NC
2020-04-03,North Dakota,173,3,ND
2020-04-03,Ohio,3312,91,OH
2020-04-03,Oklahoma,988,38,OK
2020-04-03,Oregon,899,22,OR
2020-04-03,Pennsylvania,8420,102,PA
2020-04-03,Rhode Island,711,14,RI
2020-04-03,South Carolina,1700,34,SC
2020-04-03,South Dakota,187,2,SD
2020-04-03,Tennessee,3032,36,TN
2020-04-03,Texas,5669,97,TX
2020-04-03,Utah,1260,7,UT
2020-04-03,Vermont,389,17,VT
2020-04-03,Virginia,2012,46,VA
2020-04-03,Washington,6966,293,WA
2020-04-03,West Virginia,242,2,WV
2020-04-03,Wisconsin,1916,49,WI
2020-04-03,Wyoming,166,0,WY
2020-04-04,Alabama,1633,44,AL
2020-04-04,Alaska,169,3,AK
2020-04-04,Arizona,2019,53,AZ
2020-04-04,Arkansas,743,14,AR
2020-04-04,California,13796,323,CA
2020-04-04,Colorado,4574,126,CO
2020-04-04,Connecticut,5276,165,CT
2020-04-04,Delaware,593,14,DE
2020-04-04,District of Columbia,902,21,DC
2020-04-04,Florida,11537,194,FL
2020-04-04,Georgia,6383,208,GA
2020-04-04,Hawaii,349,3,HI
2020-04-04,Idaho,1077,10,ID
2020-04-04,Illinois,10357,248,IL
2020-04-04,Indiana,3953,116,IN
2020-04-04,Iowa,786,11,IA
2020-04-04,Kansas,701,21,KS
2020-04-04,Kentucky,917,40,KY
2020-04-04,Louisiana,12496,412,LA
2020-04-04,Maine,456,10,ME
2020-04-04,Maryland,3125,54,MD
2020-04-04,Massachusetts,11736,216,MA
2020-04-04,Michigan,14225,540,MI
2020-04-04,Minnesota,865,24,MN
2020-04-04,Mississippi,1455,35,MS
2020-04-04,Missouri,2291,44,MO
2020-04-04,Montana,281,6,MT
2020-04-04,Nebraska,339,8,NE
2020-04-04,Nevada,1758,46,NV
2020-04-04,New Hampshire,621,9,NH
2020-04-04,New Jersey,34124,847,NJ
2020-04-04,New Mexico,543,11,NM
2020-04-04,New York,114996,3568,NY
2020-04-04,North Carolina,2402,30,NC
2020-04-04,North Dakota,186,3,ND
2020-04-04,Ohio,3739,102,OH
2020-04-04,Oklahoma,1159,42,OK
2020-04-04,Oregon,999,26,OR
2020-04-04,Pennsylvania,10109,139,PA
2020-04-04,Rhode Island,806,17,RI
2020-04-04,South Carolina,1917,40,SC
2020-04-04,South Dakota,212,2,SD
2020-04-04,Tennessee,3265,47,TN
2020-04-04,Texas,6566,124,TX
2020-04-04,Utah,1428,8,UT
2020-04-04,Vermont,461,20,VT
2020-04-04,Virginia,2407,52,VA
2020-04-04,Washington,7498,318,WA
2020-04-04,West Virginia,282,2,WV
2020-04-04,Wisconsin,2112,60,WI
2020-04-04,Wyoming,187,0,WY
2020-04-05,Alabama,1841,45,AL
2020-04-05,Alaska,185,4,AK
2020-04-05,Arizona,2269,64,AZ
2020-04-05,Arkansas,853,16,AR
2020-04-05,California,15076,349,CA
2020-04-05,Colorado,4950,140,CO
2020-04-05,Connecticut,5675,189,CT
2020-04-05,Delaware,673,14,DE
2020-04-05,District of Columbia,998,22,DC
2020-04-05,Florida,12342,220,FL
2020-04-05,Georgia,6742,219,GA
2020-04-05,Hawaii,369,4,HI
2020-04-05,Idaho,1101,10,ID
2020-04-05,Illinois,11276,282,IL
2020-04-05,Indiana,4411,127,IN
2020-04-05,Iowa,868,22,IA
2020-04-05,Kansas,763,23,KS
2020-04-05,Kentucky,1048,44,KY
2020-04-05,Louisiana,13010,477,LA
2020-04-05,Maine,470,10,ME
2020-04-05,Maryland,3609,68,MD
2020-04-05,Massachusetts,12500,231,MA
2020-04-05,Michigan,15635,616,MI
2020-04-05,Minnesota,935,29,MN
2020-04-05,Mississippi,1638,43,MS
2020-04-05,Missouri,2367,52,MO
2020-04-05,Montana,298,6,MT
2020-04-05,Nebraska,377,8,NE
2020-04-05,Nevada,1880,46,NV
2020-04-05,New Hampshire,669,9,NH
2020-04-05,New Jersey,37505,917,NJ
2020-04-05,New Mexico,624,12,NM
2020-04-05,New York,122911,4161,NY
2020-04-05,North Carolina,2585,37,NC
2020-04-05,North Dakota,207,3,ND
2020-04-05,Ohio,4043,119,OH
2020-04-05,Oklahoma,1252,46,OK
2020-04-05,Oregon,1068,27,OR
2020-04-05,Pennsylvania,11589,159,PA
2020-04-05,Rhode Island,922,25,RI
2020-04-05,South Carolina,2049,44,SC
2020-04-05,South Dakota,240,2,SD
2020-04-05,Tennessee,3538,50,TN
2020-04-05,Texas,7094,137,TX
2020-04-05,Utah,1605,8,UT
2020-04-05,Vermont,512,22,VT
2020-04-05,Virginia,2637,52,VA
2020-04-05,Washington,7984,344,WA
2020-04-05,West Virginia,324,3,WV
2020-04-05,Wisconsin,2267,73,WI
2020-04-05,Wyoming,200,0,WY
2020-04-06,Alabama,2006,53,AL
2020-04-06,Alaska,189,4,AK
2020-04-06,Arizona,2465,67,AZ
2020-04-06,Arkansas,927,16,AR
2020-04-06,California,16284,386,CA
2020-04-06,Colorado,5172,150,CO
2020-04-06,Connecticut,6906,206,CT
2020-04-06,Delaware,783,15,DE
2020-04-06,District of Columbia,1097,24,DC
2020-04-06,Florida,13621,253,FL
2020-04-06,Georgia,7558,294,GA
2020-04-06,Hawaii,385,5,HI
2020-04-06,Idaho,1170,13,ID
2020-04-06,Illinois,12262,309,IL
2020-04-06,Indiana,4956,141,IN
2020-04-06,Iowa,946,25,IA
2020-04-06,Kansas,853,25,KS
2020-04-06,Kentucky,1057,52,KY
2020-04-06,Louisiana,14867,512,LA
2020-04-06,Maine,499,10,ME
2020-04-06,Maryland,4045,92,MD
2020-04-06,Massachusetts,13837,260,MA
2020-04-06,Michigan,17130,727,MI
2020-04-06,Minnesota,986,30,MN
2020-04-06,Mississippi,1738,51,MS
2020-04-06,Missouri,2722,56,MO
2020-04-06,Montana,319,6,MT
2020-04-06,Nebraska,438,10,NE
2020-04-06,Nevada,1971,58,NV
2020-04-06,New Hampshire,715,9,NH
2020-04-06,New Jersey,41090,1005,NJ
2020-04-06,New Mexico,686,12,NM
2020-04-06,New York,130703,4758,NY
2020-04-06,North Carolina,2870,40,NC
2020-04-06,North Dakota,225,3,ND
2020-04-06,Ohio,4450,142,OH
2020-04-06,Oklahoma,1327,51,OK
2020-04-06,Oregon,1132,29,OR
2020-04-06,Pennsylvania,13074,169,PA
2020-04-06,Rhode Island,1082,27,RI
2020-04-06,South Carolina,2232,48,SC
2020-04-06,South Dakota,288,4,SD
2020-04-06,Tennessee,3753,65,TN
2020-04-06,Texas,8115,160,TX
2020-04-06,Utah,1675,13,UT
2020-04-06,Vermont,543,23,VT
2020-04-06,Virginia,2878,54,VA
2020-04-06,Washington,8384,383,WA
2020-04-06,West Virginia,345,4,WV
2020-04-06,Wisconsin,2440,83,WI
2020-04-06,Wyoming,212,0,WY
2020-04-07,Alabama,2197,64,AL
2020-04-07,Alaska,211,4,AK
2020-04-07,Arizona,2575,77,AZ
2020-04-07,Arkansas,997,18,AR
2020-04-07,California,17540,447,CA
2020-04-07,Colorado,5429,179,CO
2020-04-07,Connecticut,7781,277,CT
2020-04-07,Delaware,928,16,DE
2020-04-07,District of Columbia,1211,22,DC
2020-04-07,Florida,14739,295,FL
2020-04-07,Georgia,9156,348,GA
2020-04-07,Hawaii,408,5,HI
2020-04-07,Idaho,1210,15,ID
2020-04-07,Illinois,13549,384,IL
2020-04-07,Indiana,5507,173,IN
2020-04-07,Iowa,1048,26,IA
2020-04-07,Kansas,905,30,KS
2020-04-07,Kentucky,1289,66,KY
2020-04-07,Louisiana,16284,582,LA
2020-04-07,Maine,519,12,ME
2020-04-07,Maryland,4371,104,MD
2020-04-07,Massachusetts,15202,356,MA
2020-04-07,Michigan,18852,845,MI
2020-04-07,Minnesota,1069,34,MN
2020-04-07,Mississippi,1915,59,MS
2020-04-07,Missouri,3037,79,MO
2020-04-07,Montana,319,6,MT
2020-04-07,Nebraska,490,12,NE
2020-04-07,Nevada,2101,60,NV
2020-04-07,New Hampshire,747,13,NH
2020-04-07,New Jersey,44416,1232,NJ
2020-04-07,New Mexico,794,13,NM
2020-04-07,New York,140081,5563,NY
2020-04-07,North Carolina,3220,50,NC
2020-04-07,North Dakota,237,4,ND
2020-04-07,Ohio,4782,167,OH
2020-04-07,Oklahoma,1472,67,OK
2020-04-07,Oregon,1181,33,OR
2020-04-07,Pennsylvania,14582,240,PA
2020-04-07,Rhode Island,1229,30,RI
2020-04-07,South Carolina,2417,51,SC
2020-04-07,South Dakota,320,6,SD
2020-04-07,Tennessee,4010,72,TN
2020-04-07,Texas,8974,178,TX
2020-04-07,Utah,1752,13,UT
2020-04-07,Vermont,575,23,VT
2020-04-07,Virginia,3333,69,VA
2020-04-07,Washington,8682,409,WA
2020-04-07,West Virginia,412,4,WV
2020-04-07,Wisconsin,2578,94,WI
2020-04-07,Wyoming,221,0,WY
2020-04-08,Alabama,2499,67,AL
2020-04-08,Alaska,224,5,AK
2020-04-08,Arizona,2726,80,AZ
2020-04-08,Arkansas,1077,18,AR
2020-04-08,California,19043,506,CA
2020-04-08,Colorado,5655,192,CO
2020-04-08,Connecticut,8781,335,CT
2020-04-08,Delaware,1116,19,DE
2020-04-08,District of Columbia,1440,27,DC
2020-04-08,Florida,15690,322,FL
2020-04-08,Georgia,10204,370,GA
2020-04-08,Hawaii,433,5,HI
2020-04-08,Idaho,1232,19,ID
2020-04-08,Illinois,15078,464,IL
2020-04-08,Indiana,5943,203,IN
2020-04-08,Iowa,1145,27,IA
2020-04-08,Kansas,1055,38,KS
2020-04-08,Kentucky,1393,73,KY
2020-04-08,Louisiana,17030,652,LA
2020-04-08,Maine,537,14,ME
2020-04-08,Maryland,5529,124,MD
2020-04-08,Massachusetts,16790,433,MA
2020-04-08,Michigan,20220,959,MI
2020-04-08,Minnesota,1154,39,MN
2020-04-08,Mississippi,2003,67,MS
2020-04-08,Missouri,3327,86,MO
2020-04-08,Montana,332,6,MT
2020-04-08,Nebraska,538,14,NE
2020-04-08,Nevada,2318,80,NV
2020-04-08,New Hampshire,788,18,NH
2020-04-08,New Jersey,47437,1504,NJ
2020-04-08,New Mexico,865,16,NM
2020-04-08,New York,149401,6268,NY
2020-04-08,North Carolina,3423,61,NC
2020-04-08,North Dakota,251,4,ND
2020-04-08,Ohio,5148,193,OH
2020-04-08,Oklahoma,1524,79,OK
2020-04-08,Oregon,1239,38,OR
2020-04-08,Pennsylvania,16414,313,PA
2020-04-08,Rhode Island,1450,35,RI
2020-04-08,South Carolina,2552,63,SC
2020-04-08,South Dakota,393,6,SD
2020-04-08,Tennessee,4246,83,TN
2020-04-08,Texas,9900,195,TX
2020-04-08,Utah,1875,13,UT
2020-04-08,Vermont,605,23,VT
2020-04-08,Virginia,3645,75,VA
2020-04-08,Washington,9097,430,WA
2020-04-08,West Virginia,483,4,WV
2020-04-08,Wisconsin,2756,107,WI
2020-04-08,Wyoming,230,0,WY
2020-04-09,Alabama,2838,78,AL
2020-04-09,Alaska,233,5,AK
2020-04-09,Arizona,3018,89,AZ
2020-04-09,Arkansas,1146,21,AR
2020-04-09,California,20191,548,CA
2020-04-09,Colorado,6202,227,CO
2020-04-09,Connecticut,9784,380,CT
2020-04-09,Delaware,1209,23,DE
2020-04-09,District of Columbia,1523,32,DC
2020-04-09,Florida,16819,370,FL
2020-04-09,Georgia,10885,412,GA
2020-04-09,Hawaii,440,6,HI
2020-04-09,Idaho,1353,24,ID
2020-04-09,Illinois,16422,534,IL
2020-04-09,Indiana,6351,246,IN
2020-04-09,Iowa,1270,27,IA
2020-04-09,Kansas,1116,42,KS
2020-04-09,Kentucky,1525,84,KY
2020-04-09,Louisiana,18283,702,LA
2020-04-09,Maine,560,16,ME
2020-04-09,Maryland,6185,139,MD
2020-04-09,Massachusetts,18941,503,MA
2020-04-09,Michigan,21375,1076,MI
2020-04-09,Minnesota,1242,50,MN
2020-04-09,Mississippi,2260,76,MS
2020-04-09,Missouri,3539,94,MO
2020-04-09,Montana,354,6,MT
2020-04-09,Nebraska,594,15,NE
2020-04-09,Nevada,2456,82,NV
2020-04-09,New Hampshire,819,21,NH
2020-04-09,New Jersey,51027,1700,NJ
2020-04-09,New Mexico,989,17,NM
2020-04-09,New York,159937,7067,NY
2020-04-09,North Carolina,3651,74,NC
2020-04-09,North Dakota,269,5,ND
2020-04-09,Ohio,5512,213,OH
2020-04-09,Oklahoma,1684,80,OK
2020-04-09,Oregon,1321,44,OR
2020-04-09,Pennsylvania,18379,344,PA
2020-04-09,Rhode Island,1727,43,RI
2020-04-09,South Carolina,2792,67,SC
2020-04-09,South Dakota,447,7,SD
2020-04-09,Tennessee,4456,95,TN
2020-04-09,Texas,11372,228,TX
2020-04-09,Utah,1980,13,UT
2020-04-09,Vermont,628,23,VT
2020-04-09,Virginia,4042,109,VA
2020-04-09,Washington,9608,456,WA
2020-04-09,West Virginia,524,5,WV
2020-04-09,Wisconsin,2885,116,WI
2020-04-09,Wyoming,239,0,WY
2020-04-10,Alabama,3008,80,AL
2020-04-10,Alaska,244,5,AK
2020-04-10,Arizona,3112,97,AZ
2020-04-10,Arkansas,1202,24,AR
2020-04-10,California,21366,594,CA
2020-04-10,Colorado,6510,253,CO
2020-04-10,Connecticut,10538,448,CT
2020-04-10,Delaware,1326,32,DE
2020-04-10,District of Columbia,1660,38,DC
2020-04-10,Florida,17960,418,FL
2020-04-10,Georgia,11859,425,GA
2020-04-10,Hawaii,463,8,HI
2020-04-10,Idaho,1397,25,ID
2020-04-10,Illinois,17887,607,IL
2020-04-10,Indiana,6907,300,IN
2020-04-10,Iowa,1388,31,IA
2020-04-10,Kansas,1180,50,KS
2020-04-10,Kentucky,1702,90,KY
2020-04-10,Louisiana,19253,755,LA
2020-04-10,Maine,586,17,ME
2020-04-10,Maryland,6968,172,MD
2020-04-10,Massachusetts,20974,599,MA
2020-04-10,Michigan,22646,1280,MI
2020-04-10,Minnesota,1335,57,MN
2020-04-10,Mississippi,2469,82,MS
2020-04-10,Missouri,3799,105,MO
2020-04-10,Montana,365,6,MT
2020-04-10,Nebraska,679,18,NE
2020-04-10,Nevada,2606,86,NV
2020-04-10,New Hampshire,885,22,NH
2020-04-10,New Jersey,54588,1932,NJ
2020-04-10,New Mexico,1091,19,NM
2020-04-10,New York,170512,7844,NY
2020-04-10,North Carolina,3906,78,NC
2020-04-10,North Dakota,278,7,ND
2020-04-10,Ohio,5878,231,OH
2020-04-10,Oklahoma,1794,88,OK
2020-04-10,Oregon,1371,48,OR
2020-04-10,Pennsylvania,20128,435,PA
2020-04-10,Rhode Island,2015,49,RI
2020-04-10,South Carolina,3065,72,SC
2020-04-10,South Dakota,536,7,SD
2020-04-10,Tennessee,4793,104,TN
2020-04-10,Texas,12288,247,TX
2020-04-10,Utah,2103,17,UT
2020-04-10,Vermont,679,24,VT
2020-04-10,Virginia,4509,121,VA
2020-04-10,Washington,9887,483,WA
2020-04-10,West Virginia,537,5,WV
2020-04-10,Wisconsin,3068,131,WI
2020-04-10,Wyoming,253,0,WY
